{
"lengthUnit": "mil",
"remark": [],
"components": {
	"fields": ["COMPONENT_NO", "COMPONENT_NAME", "LAYER", "X_COORDINATE", "Y_COORDINATE", "ANGLE"],
	"rows": [
		[1, "CN1", "T", 750, 925, 270],
		[2, "CN2", "B", 1725, 2250, 180],
		[3, "D1", "T", 1840, 1200, 180],
		[4, "F1", "T", 780, 1260, 0],
		[5, "LED1", "T", 2065, 3010, 180],
		[6, "Q1", "T", 2325, 825, 0],
		[7, "R1", "T", 1660, 920, 180],
		[8, "R2", "T", 1920, 780, 180],
		[9, "R3", "T", 1400, 780, 180],
		[10, "SW1", "T", 1025, 950, 270],
		[11, "U1", "T", 2625, 850, 90],
		[12, "PAD1", "T", 2115, 3010, 0],
		[13, "PAD1", "B", 2115, 3010, 0],
		[14, "PAD2", "T", 2015, 3010, 0],
		[15, "PAD2", "B", 2015, 3010, 0],
		[16, "PAD3", "T", 2625, 800, 0],
		[17, "PAD3", "B", 2625, 800, 0],
		[18, "PAD4", "T", 2625, 900, 0],
		[19, "PAD4", "B", 2625, 900, 0],
		[20, "PAD5", "T", 2425, 825, 0],
		[21, "PAD5", "B", 2425, 825, 0],
		[22, "PAD6", "T", 2325, 825, 0],
		[23, "PAD6", "B", 2325, 825, 0],
		[24, "PAD7", "T", 2225, 825, 0],
		[25, "PAD7", "B", 2225, 825, 0],
		[26, "PAD8", "B", 1158.66, 2250, 0],
		[27, "PAD9", "B", 2291.34, 2250, 0],
		[28, "PAD10", "T", 2120.79, 780, 0],
		[29, "PAD10", "B", 2120.79, 780, 0],
		[30, "PAD11", "T", 1719.21, 780, 0],
		[31, "PAD11", "B", 1719.21, 780, 0],
		[32, "PAD12", "T", 1860.79, 920, 0],
		[33, "PAD12", "B", 1860.79, 920, 0],
		[34, "PAD13", "T", 1459.21, 920, 0],
		[35, "PAD13", "B", 1459.21, 920, 0],
		[36, "PAD14", "T", 1600.79, 780, 0],
		[37, "PAD14", "B", 1600.79, 780, 0],
		[38, "PAD15", "T", 1199.21, 780, 0],
		[39, "PAD15", "B", 1199.21, 780, 0],
		[40, "PAD16", "T", 1997.48, 1200, 0],
		[41, "PAD16", "B", 1997.48, 1200, 0],
		[42, "PAD17", "T", 1682.52, 1200, 0],
		[43, "PAD17", "B", 1682.52, 1200, 0],
		[44, "PAD18", "T", 680, 1279.69, 0],
		[45, "PAD18", "B", 680, 1279.69, 0],
		[46, "PAD19", "T", 880, 1240.32, 0],
		[47, "PAD19", "B", 880, 1240.32, 0],
		[48, "PAD20", "T", 1091.93, 1048.425, 0],
		[49, "PAD20", "B", 1091.93, 1048.425, 0],
		[50, "PAD21", "T", 1091.93, 949.995, 0],
		[51, "PAD21", "B", 1091.93, 949.995, 0],
		[52, "PAD22", "T", 1091.93, 851.575, 0],
		[53, "PAD22", "B", 1091.93, 851.575, 0],
		[54, "PAD23", "T", 824.665, 853.74, 0],
		[55, "PAD23", "B", 824.665, 853.74, 0],
		[56, "PAD24", "T", 824.665, 996.653, 0],
		[57, "PAD24", "B", 824.665, 996.653, 0]
	]
},
"pins": {
	"fields": ["PIN_NO", "PIN_NAME", "PIN_X", "PIN_Y", "LAYER", "PIN_TYPE", "NET_NAME", "NET_TYPE", "PAD_SHAPE", "PAD_SIZEX", "PAD_SIZEY", "HOLE_SIZE", "HOLE_LEN", "PAD_ANGLE"],
	"rows": [
		[1, "CN1_3", 810.768, 755.709, "T", "DIP", "NET_1", "", "O", 35.433, 66.929, 21.654, 50.394, 90],
		[2, "CN1_3", 810.768, 755.709, "B", "DIP", "NET_1", "", "O", 35.433, 66.929, 21.654, 50.394, 90],
		[3, "CN1_4", 675.335, 755.709, "T", "DIP", "NET_2", "", "O", 35.433, 66.929, 21.654, 50.394, 270],
		[4, "CN1_4", 675.335, 755.709, "B", "DIP", "NET_2", "", "O", 35.433, 66.929, 21.654, 50.394, 270],
		[5, "CN1_5", 675.335, 1094.291, "T", "DIP", "NET_3", "", "O", 35.433, 66.929, 21.654, 50.394, 270],
		[6, "CN1_5", 675.335, 1094.291, "B", "DIP", "NET_3", "", "O", 35.433, 66.929, 21.654, 50.394, 270],
		[7, "CN1_6", 810.768, 1094.291, "T", "DIP", "NET_4", "", "O", 35.433, 66.929, 21.654, 50.394, 90],
		[8, "CN1_6", 810.768, 1094.291, "B", "DIP", "NET_4", "", "O", 35.433, 66.929, 21.654, 50.394, 90],
		[9, "CN1_A9", 824.665, 853.74, "T", "DIP", "$1N3231", "", "O", 35.433, 59.055, 19.686, 35.433, 0],
		[10, "CN1_A9", 824.665, 853.74, "B", "DIP", "$1N3231", "", "O", 35.433, 59.055, 19.686, 35.433, 0],
		[11, "CN1_B12", 824.665, 996.653, "T", "DIP", "GND", "GND", "O", 35.433, 59.055, 19.686, 35.433, 0],
		[12, "CN1_B12", 824.665, 996.653, "B", "DIP", "GND", "GND", "O", 35.433, 59.055, 19.686, 35.433, 0],
		[13, "CN2_1", 1158.66, 2250, "B", "SMD", "VBAT", "", "R", 165.354, 149.606, 0, 0, 180],
		[14, "CN2_2", 2291.34, 2250, "B", "SMD", "GND", "GND", "R", 165.354, 149.606, 0, 0, 180],
		[15, "D1_1", 1997.48, 1200, "T", "DIP", "GND", "GND", "C", 70.866, 70.866, 39.37, 39.37, 180],
		[16, "D1_1", 1997.48, 1200, "B", "DIP", "GND", "GND", "C", 70.866, 70.866, 39.37, 39.37, 180],
		[17, "D1_2", 1682.52, 1200, "T", "DIP", "VUSB", "", "C", 70.866, 70.866, 39.37, 39.37, 180],
		[18, "D1_2", 1682.52, 1200, "B", "DIP", "VUSB", "", "C", 70.866, 70.866, 39.37, 39.37, 180],
		[19, "F1_1", 680, 1279.69, "T", "DIP", "$1N3231", "", "C", 70.866, 70.866, 39.37, 39.37, 0],
		[20, "F1_1", 680, 1279.69, "B", "DIP", "$1N3231", "", "C", 70.866, 70.866, 39.37, 39.37, 0],
		[21, "F1_2", 880, 1240.32, "T", "DIP", "$1N3603", "", "C", 70.866, 70.866, 39.37, 39.37, 0],
		[22, "F1_2", 880, 1240.32, "B", "DIP", "$1N3603", "", "C", 70.866, 70.866, 39.37, 39.37, 0],
		[23, "LED1_1", 2115, 3010, "T", "DIP", "$1N987", "", "R", 62.992, 62.992, 39.37, 39.37, 0],
		[24, "LED1_1", 2115, 3010, "B", "DIP", "$1N987", "", "R", 62.992, 62.992, 39.37, 39.37, 0],
		[25, "LED1_2", 2015, 3010, "T", "DIP", "$1N640", "", "C", 62.992, 62.992, 39.37, 39.37, 0],
		[26, "LED1_2", 2015, 3010, "B", "DIP", "$1N640", "", "C", 62.992, 62.992, 39.37, 39.37, 0],
		[27, "Q1_1", 2425, 825, "T", "DIP", "GND", "GND", "R", 70.866, 70.866, 39.37, 39.37, 270],
		[28, "Q1_1", 2425, 825, "B", "DIP", "GND", "GND", "R", 70.866, 70.866, 39.37, 39.37, 270],
		[29, "Q1_2", 2325, 825, "T", "DIP", "$1N548", "", "C", 70.866, 70.866, 39.37, 39.37, 270],
		[30, "Q1_2", 2325, 825, "B", "DIP", "$1N548", "", "C", 70.866, 70.866, 39.37, 39.37, 270],
		[31, "Q1_3", 2225, 825, "T", "DIP", "$1N987", "", "C", 70.866, 70.866, 39.37, 39.37, 270],
		[32, "Q1_3", 2225, 825, "B", "DIP", "$1N987", "", "C", 70.866, 70.866, 39.37, 39.37, 270],
		[33, "R1_1", 1860.79, 920, "T", "DIP", "$1N548", "", "C", 55.118, 55.118, 31.496, 31.496, 180],
		[34, "R1_1", 1860.79, 920, "B", "DIP", "$1N548", "", "C", 55.118, 55.118, 31.496, 31.496, 180],
		[35, "R1_2", 1459.21, 920, "T", "DIP", "VCC", "", "C", 55.118, 55.118, 31.496, 31.496, 180],
		[36, "R1_2", 1459.21, 920, "B", "DIP", "VCC", "", "C", 55.118, 55.118, 31.496, 31.496, 180],
		[37, "R2_1", 2120.79, 780, "T", "DIP", "$1N640", "", "C", 55.118, 55.118, 31.496, 31.496, 180],
		[38, "R2_1", 2120.79, 780, "B", "DIP", "$1N640", "", "C", 55.118, 55.118, 31.496, 31.496, 180],
		[39, "R2_2", 1719.21, 780, "T", "DIP", "VCC", "", "C", 55.118, 55.118, 31.496, 31.496, 180],
		[40, "R2_2", 1719.21, 780, "B", "DIP", "VCC", "", "C", 55.118, 55.118, 31.496, 31.496, 180],
		[41, "R3_1", 1600.79, 780, "T", "DIP", "VUSB", "", "C", 55.118, 55.118, 31.496, 31.496, 180],
		[42, "R3_1", 1600.79, 780, "B", "DIP", "VUSB", "", "C", 55.118, 55.118, 31.496, 31.496, 180],
		[43, "R3_2", 1199.21, 780, "T", "DIP", "$1N3603", "", "C", 55.118, 55.118, 31.496, 31.496, 180],
		[44, "R3_2", 1199.21, 780, "B", "DIP", "$1N3603", "", "C", 55.118, 55.118, 31.496, 31.496, 180],
		[45, "SW1_1", 1091.93, 1048.425, "T", "DIP", "VUSB", "", "C", 66.929, 66.929, 35.434, 35.434, 0],
		[46, "SW1_1", 1091.93, 1048.425, "B", "DIP", "VUSB", "", "C", 66.929, 66.929, 35.434, 35.434, 0],
		[47, "SW1_2", 1091.93, 949.995, "T", "DIP", "VCC", "", "C", 66.929, 66.929, 35.434, 35.434, 0],
		[48, "SW1_2", 1091.93, 949.995, "B", "DIP", "VCC", "", "C", 66.929, 66.929, 35.434, 35.434, 0],
		[49, "SW1_3", 1091.93, 851.575, "T", "DIP", "VBAT", "", "C", 66.929, 66.929, 35.434, 35.434, 0],
		[50, "SW1_3", 1091.93, 851.575, "B", "DIP", "VBAT", "", "C", 66.929, 66.929, 35.434, 35.434, 0],
		[51, "SW1_4", 958.07, 1048.425, "T", "DIP", "NET_5", "", "C", 66.929, 66.929, 35.434, 35.434, 0],
		[52, "SW1_4", 958.07, 1048.425, "B", "DIP", "NET_5", "", "C", 66.929, 66.929, 35.434, 35.434, 0],
		[53, "SW1_5", 958.07, 950.005, "T", "DIP", "NET_6", "", "C", 66.929, 66.929, 35.434, 35.434, 0],
		[54, "SW1_5", 958.07, 950.005, "B", "DIP", "NET_6", "", "C", 66.929, 66.929, 35.434, 35.434, 0],
		[55, "SW1_6", 958.07, 851.575, "T", "DIP", "NET_7", "", "C", 66.929, 66.929, 35.434, 35.434, 0],
		[56, "SW1_6", 958.07, 851.575, "B", "DIP", "NET_7", "", "C", 66.929, 66.929, 35.434, 35.434, 0],
		[57, "U1_1", 2625, 800, "T", "DIP", "GND", "GND", "R", 62.992, 62.992, 39.37, 39.37, 90],
		[58, "U1_1", 2625, 800, "B", "DIP", "GND", "GND", "R", 62.992, 62.992, 39.37, 39.37, 90],
		[59, "U1_2", 2625, 900, "T", "DIP", "$1N548", "", "C", 62.992, 62.992, 39.37, 39.37, 90],
		[60, "U1_2", 2625, 900, "B", "DIP", "$1N548", "", "C", 62.992, 62.992, 39.37, 39.37, 90],
		[61, "PAD1_1", 2115, 3010, "T", "DIP", "$1N987", "", "R", 62.992, 62.992, 39.37, 39.37, 0],
		[62, "PAD1_1", 2115, 3010, "B", "DIP", "$1N987", "", "R", 62.992, 62.992, 39.37, 39.37, 0],
		[63, "PAD2_2", 2015, 3010, "T", "DIP", "$1N640", "", "C", 62.992, 62.992, 39.37, 39.37, 0],
		[64, "PAD2_2", 2015, 3010, "B", "DIP", "$1N640", "", "C", 62.992, 62.992, 39.37, 39.37, 0],
		[65, "PAD3_1", 2625, 800, "T", "DIP", "GND", "GND", "R", 62.992, 62.992, 39.37, 39.37, 90],
		[66, "PAD3_1", 2625, 800, "B", "DIP", "GND", "GND", "R", 62.992, 62.992, 39.37, 39.37, 90],
		[67, "PAD4_2", 2625, 900, "T", "DIP", "$1N548", "", "C", 62.992, 62.992, 39.37, 39.37, 90],
		[68, "PAD4_2", 2625, 900, "B", "DIP", "$1N548", "", "C", 62.992, 62.992, 39.37, 39.37, 90],
		[69, "PAD5_1", 2425, 825, "T", "DIP", "GND", "GND", "R", 70.866, 70.866, 39.37, 39.37, 270],
		[70, "PAD5_1", 2425, 825, "B", "DIP", "GND", "GND", "R", 70.866, 70.866, 39.37, 39.37, 270],
		[71, "PAD6_2", 2325, 825, "T", "DIP", "$1N548", "", "C", 70.866, 70.866, 39.37, 39.37, 270],
		[72, "PAD6_2", 2325, 825, "B", "DIP", "$1N548", "", "C", 70.866, 70.866, 39.37, 39.37, 270],
		[73, "PAD7_3", 2225, 825, "T", "DIP", "$1N987", "", "C", 70.866, 70.866, 39.37, 39.37, 270],
		[74, "PAD7_3", 2225, 825, "B", "DIP", "$1N987", "", "C", 70.866, 70.866, 39.37, 39.37, 270],
		[75, "PAD8_1", 1158.66, 2250, "B", "SMD", "VBAT", "", "R", 165.354, 149.606, 0, 0, 180],
		[76, "PAD9_2", 2291.34, 2250, "B", "SMD", "GND", "GND", "R", 165.354, 149.606, 0, 0, 180],
		[77, "PAD10_1", 2120.79, 780, "T", "DIP", "$1N640", "", "C", 55.118, 55.118, 31.496, 31.496, 180],
		[78, "PAD10_1", 2120.79, 780, "B", "DIP", "$1N640", "", "C", 55.118, 55.118, 31.496, 31.496, 180],
		[79, "PAD11_2", 1719.21, 780, "T", "DIP", "VCC", "", "C", 55.118, 55.118, 31.496, 31.496, 180],
		[80, "PAD11_2", 1719.21, 780, "B", "DIP", "VCC", "", "C", 55.118, 55.118, 31.496, 31.496, 180],
		[81, "PAD12_1", 1860.79, 920, "T", "DIP", "$1N548", "", "C", 55.118, 55.118, 31.496, 31.496, 180],
		[82, "PAD12_1", 1860.79, 920, "B", "DIP", "$1N548", "", "C", 55.118, 55.118, 31.496, 31.496, 180],
		[83, "PAD13_2", 1459.21, 920, "T", "DIP", "VCC", "", "C", 55.118, 55.118, 31.496, 31.496, 180],
		[84, "PAD13_2", 1459.21, 920, "B", "DIP", "VCC", "", "C", 55.118, 55.118, 31.496, 31.496, 180],
		[85, "PAD14_1", 1600.79, 780, "T", "DIP", "VUSB", "", "C", 55.118, 55.118, 31.496, 31.496, 180],
		[86, "PAD14_1", 1600.79, 780, "B", "DIP", "VUSB", "", "C", 55.118, 55.118, 31.496, 31.496, 180],
		[87, "PAD15_2", 1199.21, 780, "T", "DIP", "$1N3603", "", "C", 55.118, 55.118, 31.496, 31.496, 180],
		[88, "PAD15_2", 1199.21, 780, "B", "DIP", "$1N3603", "", "C", 55.118, 55.118, 31.496, 31.496, 180],
		[89, "PAD16_1", 1997.48, 1200, "T", "DIP", "GND", "GND", "C", 70.866, 70.866, 39.37, 39.37, 180],
		[90, "PAD16_1", 1997.48, 1200, "B", "DIP", "GND", "GND", "C", 70.866, 70.866, 39.37, 39.37, 180],
		[91, "PAD17_2", 1682.52, 1200, "T", "DIP", "VUSB", "", "C", 70.866, 70.866, 39.37, 39.37, 180],
		[92, "PAD17_2", 1682.52, 1200, "B", "DIP", "VUSB", "", "C", 70.866, 70.866, 39.37, 39.37, 180],
		[93, "PAD18_1", 680, 1279.69, "T", "DIP", "$1N3231", "", "C", 70.866, 70.866, 39.37, 39.37, 0],
		[94, "PAD18_1", 680, 1279.69, "B", "DIP", "$1N3231", "", "C", 70.866, 70.866, 39.37, 39.37, 0],
		[95, "PAD19_2", 880, 1240.32, "T", "DIP", "$1N3603", "", "C", 70.866, 70.866, 39.37, 39.37, 0],
		[96, "PAD19_2", 880, 1240.32, "B", "DIP", "$1N3603", "", "C", 70.866, 70.866, 39.37, 39.37, 0],
		[97, "PAD20_1", 1091.93, 1048.425, "T", "DIP", "VUSB", "", "C", 66.929, 66.929, 35.434, 35.434, 0],
		[98, "PAD20_1", 1091.93, 1048.425, "B", "DIP", "VUSB", "", "C", 66.929, 66.929, 35.434, 35.434, 0],
		[99, "PAD21_2", 1091.93, 949.995, "T", "DIP", "VCC", "", "C", 66.929, 66.929, 35.434, 35.434, 0],
		[100, "PAD21_2", 1091.93, 949.995, "B", "DIP", "VCC", "", "C", 66.929, 66.929, 35.434, 35.434, 0],
		[101, "PAD22_3", 1091.93, 851.575, "T", "DIP", "VBAT", "", "C", 66.929, 66.929, 35.434, 35.434, 0],
		[102, "PAD22_3", 1091.93, 851.575, "B", "DIP", "VBAT", "", "C", 66.929, 66.929, 35.434, 35.434, 0],
		[103, "PAD23_A9", 824.665, 853.74, "T", "DIP", "$1N3231", "", "O", 35.433, 59.055, 19.686, 35.433, 0],
		[104, "PAD23_A9", 824.665, 853.74, "B", "DIP", "$1N3231", "", "O", 35.433, 59.055, 19.686, 35.433, 0],
		[105, "PAD24_B12", 824.665, 996.653, "T", "DIP", "GND", "GND", "O", 35.433, 59.055, 19.686, 35.433, 0],
		[106, "PAD24_B12", 824.665, 996.653, "B", "DIP", "GND", "GND", "O", 35.433, 59.055, 19.686, 35.433, 0]
	]
}
}